<?xml version="1.0" encoding="UTF-8"?>
<instituto>
  <datos>
    <nombre>I.E.S Santa Aurelia</nombre>
    <localidad>Sevilla</localidad>
    <pais>España</pais>
    <teléfono>954674625</teléfono>
  </datos>
  <Estudiantes>
    <Primero_ESO_A>
      <alumno_1>
        <nombre>Jose</nombre>
        <apellido>Perez</apellido>
        <edad>12</edad>
        <dni>30265796X</dni>
      </alumno_1>
      <alumno_2>
        <nombre>Jose</nombre>
        <apellido>Plácido</apellido>
        <edad>13</edad>
        <dni>30263423P</dni>
      </alumno_2>
      <alumno_3>
        <nombre>Paco</nombre>
        <apellido>Ruiz</apellido>
        <edad>12</edad>
        <dni>30259725F</dni>
      </alumno_3>
      <alumno_4>
        <nombre>Lucia</nombre>
        <apellido>vargas</apellido>
        <edad>12</edad>
        <dni>30275921G</dni>
      </alumno_4>
      <alumno_5>
        <nombre>David</nombre>
        <apellido>Vega</apellido>
        <edad>13</edad>
        <dni>30295731L</dni>
      </alumno_5>
    </Primero_ESO_A>
    <Primero_ESO_B>
      <alumno_1>
        <nombre>Irene</nombre>
        <apellido>Rufo</apellido>
        <edad>12</edad>
        <dni>30142536Z</dni>
      </alumno_1>
      <alumno_2>
        <nombre>Sara</nombre>
        <apellido>Rodriguez</apellido>
        <edad>12</edad>
        <dni>30362798S</dni>
      </alumno_2>
      <alumno_3>
        <nombre>Álvaro</nombre>
        <apellido>Orellana</apellido>
        <edad>13</edad>
        <dni>30879654U</dni>
      </alumno_3>
      <alumno_4>
        <nombre>Carolina</nombre>
        <apellido>Selfa</apellido>
        <edad>13</edad>
        <dni>30986532H</dni>
      </alumno_4>
      <alumno_5>
        <nombre>Anthony</nombre>
        <apellido>Dial</apellido>
        <edad>12</edad>
        <dni>30546792R</dni>
      </alumno_5>
      <alumno_6>
        <nombre>Bárbara</nombre>
        <apellido>Marqués</apellido>
        <edad>13</edad>
        <dni>30985487Q</dni>
      </alumno_6>
    </Primero_ESO_B>
  </Estudiantes>
  <Profesores>
    <Primero_ESO_A>
      <Lengua_Castellana_Y_Literatura>
        <nombre>Raul</nombre>
        <apellido>Rodriguez</apellido>
        <edad>45</edad>
        <dni>30136479U</dni>
      </Lengua_Castellana_Y_Literatura>
      <Matemáticas>
        <nombre>Federico</nombre>
        <apellido>Santunino</apellido>
        <edad>47</edad>
        <dni>30126578T</dni>
      </Matemáticas>
      <Inglés>
        <nombre>Concha</nombre>
        <apellido>Velazquez</apellido>
        <edad>38</edad>
        <dni>30647921G</dni>
      </Inglés>
      <Música>
        <nombre>María</nombre>
        <apellido>Recio</apellido>
        <edad>28</edad>
        <dni>30126531Y</dni>
      </Música>
      <Plástica_Y_Artes>
        <nombre>Pedro</nombre>
        <apellido>Resa</apellido>
        <edad>52</edad>
        <dni>30126934Ñ</dni>
      </Plástica_Y_Artes>
      <Educacicón_Física>
        <nombre>Susana</nombre>
        <apellido>Guerra</apellido>
        <edad>51</edad>
        <dni>30695841V</dni>
      </Educacicón_Física>
    </Primero_ESO_A>
    <Primero_ESO_B>
      <Lengua_Castellana_Y_Literatura>
        <nombre>Pepe</nombre>
        <apellido>Balbuena</apellido>
        <edad>45</edad>
        <dni>30169827I</dni>
      </Lengua_Castellana_Y_Literatura>
      <Matemáticas>
        <nombre>Álvaro</nombre>
        <apellido>Raya</apellido>
        <edad>46</edad>
        <dni>31579159C</dni>
      </Matemáticas>
      <Inglés>
        <nombre>Belén</nombre>
        <apellido>Burgos</apellido>
        <edad>33</edad>
        <dni>29672159T</dni>
      </Inglés>
      <Música>
        <nombre>Inmaculada</nombre>
        <apellido>Pernía</apellido>
        <edad>28</edad>
        <dni>28962579K</dni>
      </Música>
      <Plástica_Y_Artes>
        <nombre>Jesús</nombre>
        <apellido>Iglesias</apellido>
        <edad>52</edad>
        <dni>27895264Q</dni>
      </Plástica_Y_Artes>
      <Educacicón_Física>
        <nombre>Susana</nombre>
        <apellido>Guerra</apellido>
        <edad>51</edad>
        <dni>30695841V</dni>
      </Educacicón_Física>
    </Primero_ESO_B>
  </Profesores>
  <Trabajadores>
    <Conserje>
      <nombre>Bernardo</nombre>
      <apellido>Jara</apellido>
      <edad>54</edad>
      <dni>54612387Z</dni>
    </Conserje>
    <Limpiadores>
      <Turno>
        <Mañana>
          <nombre>Eva</nombre>
          <apellido>Caño</apellido>
          <edad>27</edad>
          <dni>24526318F</dni>
        </Mañana>
        <Tarde>
          <nombre>Estrella</nombre>
          <apellido>Del caño</apellido>
          <edad>29</edad>
          <dni>23654972G</dni>
        </Tarde>
      </Turno>
    </Limpiadores>
    <Enfermeros>
      <Jefe>
        <nombre>Maria</nombre>
        <apellido>Tello</apellido>
        <edad>57</edad>
        <dni>23549785A</dni>
      </Jefe>
      <ayudante>
        <nombre>Cristian</nombre>
        <apellido>Villalba</apellido>
        <edad>55</edad>
        <dni>26545691H</dni>
      </ayudante>
    </Enfermeros>
    <Psicólogo>
      <nombre>Rafa</nombre>
      <apellido>Aguado</apellido>
      <edad>59</edad>
      <dni>27569310D</dni>
    </Psicólogo>
  </Trabajadores>
</instituto>
